segundo,wl04,wl05,wl06
0,13.213,22.286,18.966
1,13.109,22.485,19.146
2,13.168,22.483,18.925
3,13.168,22.529,18.836
4,13.283,22.555,19.17
5,13.138,22.458,19.213
6,13.096,22.353,18.975
7,13.139,22.603,19.055
8,13.217,22.462,18.735
9,13.229,22.397,19.064
10,13.21,22.376,19.315
11,13.252,22.269,19.054
12,13.165,22.513,18.975
13,13.227,22.164,18.915
14,13.249,22.65,19.229
15,13.256,22.186,19.112
16,13.288,22.401,19.134
17,13.311,22.408,19.189
18,13.239,22.359,19.046
19,13.211,22.268,19.039
20,13.247,22.358,19.367
21,13.252,22.286,19.352
22,13.267,22.321,19.042
23,13.181,22.168,18.976
24,13.162,21.976,19.032
25,13.166,22.582,19.047
26,13.139,22.123,18.882
27,13.179,22.092,18.921
28,13.155,22.33,19.211
29,13.053,22.481,19.217
30,13.133,22.294,18.484
31,13.122,22.402,18.315
32,13.213,22.497,18.257
33,13.078,22.341,18.577
34,13.301,22.285,18.466
35,13.06,22.178,18.613
36,13.17,22.221,18.279
37,13.095,22.433,18.475
38,13.091,22.562,18.961
39,13.165,22.303,19.931
40,13.066,22.644,20.183
41,13.21,22.437,18.315
42,13.102,22.482,17.662
43,13.217,22.451,17.297
44,13.145,22.619,19.554
45,13.184,22.509,20.172
46,13.19,22.416,20.297
47,13.139,22.126,21.516
48,13.159,22.622,20.771
49,13.128,22.326,19.639
50,13.219,22.355,19.189
51,13.152,22.364,19.238
52,13.156,22.523,19.354
53,13.168,22.444,19.041
54,13.165,22.49,19.381
55,13.15,22.436,18.93
56,13.124,22.409,19.507
57,13.059,22.361,19.372
58,13.21,22.275,19.503
59,13.088,22.343,19.248
60,13.201,22.59,19.147
61,13.132,22.508,18.876
62,13.144,22.376,19.375
63,13.186,22.569,19.144
64,13.234,21.721,19.379
65,13.172,21.257,19.001
66,13.244,21.611,19.235
67,13.229,22.341,18.873
68,13.274,22.239,19.293
69,13.237,22.534,19.159
70,13.243,22.392,19.336
71,13.285,22.563,19.247
72,13.297,22.4,18.993
73,13.271,22.653,19.149
74,13.264,22.195,18.485
75,13.327,22.322,18.452
76,13.251,22.578,19.063
77,13.252,22.225,18.808
78,13.231,22.584,19.091
79,13.242,22.28,19.168
80,13.257,22.502,19.3
81,13.097,22.519,19.443
82,13.237,22.272,19.204
83,13.029,22.272,19.441
84,13.164,22.466,19.245
85,13.171,22.413,19.548
86,13.096,22.493,19.471
87,13.216,22.331,19.471
88,13.172,22.411,18.74
89,13.166,22.359,19.571
90,13.14,22.385,19.068
91,13.124,22.37,19.117
92,13.216,22.393,18.866
93,13.229,22.181,19.175
94,13.06,22.657,19.505
95,13.068,22.413,18.927
96,13.021,22.247,19.386
97,13.231,22.182,19.266
98,13.142,22.326,19.347
99,13.252,22.403,19.096
100,13.181,22.357,18.991
101,13.153,22.475,19.444
102,13.185,22.321,19.026
103,13.136,22.237,19.617
104,13.236,22.482,19.173
105,13.163,22.361,19.309
106,13.286,22.277,19.216
107,13.153,22.42,19.128
108,13.18,22.425,19.12
109,13.189,22.47,19.294
110,13.121,22.275,19.515
111,13.081,22.365,19.012
112,13.097,22.448,19.743
113,13.22,22.166,19.313
114,13.2,22.284,19.148
115,13.247,22.287,19.296
116,13.199,22.406,19.304
117,13.247,22.393,19.455
118,13.308,22.637,19.627
119,13.23,22.338,19.714
120,13.176,22.362,19.001
121,13.236,22.503,19.4
122,13.224,22.662,19.299
123,13.255,22.422,19.103
124,13.287,22.52,19.893
125,13.243,22.506,19.465
126,13.237,22.296,19.16
127,13.23,22.279,19.419
128,13.248,22.615,19.377
129,13.228,22.347,19.302
130,13.183,22.574,19.259
131,13.224,22.502,19.522
132,13.156,22.458,18.904
133,13.124,22.282,19.504
134,13.108,22.33,19.387
135,13.217,22.297,19.284
136,13.121,22.286,19.162
137,13.21,22.129,19.229
138,13.066,22.238,18.964
139,13.121,22.283,18.964
140,13.081,22.413,18.815
141,13.187,22.539,18.871
142,13.079,22.268,18.81
143,13.148,22.446,18.828
144,13.157,22.333,19.262
145,13.219,22.313,18.996
146,13.141,22.394,19.347
147,13.011,22.206,19.242
148,13.141,22.071,19.12
149,13.051,22.463,19.087
150,13.107,22.377,18.769
151,13.15,22.377,18.858
152,13.194,22.293,19.234
153,13.142,22.66,19.61
154,13.103,22.323,18.779
155,13.195,22.766,19.716
156,13.172,22.665,18.835
157,13.207,22.254,19.028
158,13.204,22.447,19.033
159,13.089,22.35,18.971
160,13.175,22.273,18.74
161,13.171,22.608,19.473
162,13.188,22.246,18.92
163,13.275,22.411,19.141
164,13.176,22.513,19.131
165,13.268,22.539,18.622
166,13.275,22.334,18.949
167,13.303,22.343,19.652
168,13.204,22.362,19.376
169,13.179,22.173,18.089
170,13.226,22.251,19.593
171,13.214,22.443,21.917
172,13.24,22.56,21.229
173,13.188,22.432,22.301
174,13.201,22.618,21.566
175,13.263,22.661,19.753
176,13.263,22.3,19.161
177,13.227,22.547,19.1
178,13.216,22.494,19.212
179,13.259,22.316,19.062
180,13.109,22.327,19.291
181,13.126,22.247,19.206
182,13.281,22.132,19.352
183,13.124,22.3,19.013
184,13.192,22.365,18.705
185,13.166,22.343,18.857
186,13.193,22.251,19.277
187,13.12,22.399,18.964
188,13.15,22.41,19.014
189,13.196,22.646,19.001
190,13.19,22.506,19.201
191,13.24,22.436,18.691
192,13.127,22.341,18.988
193,13.255,22.377,19.439
194,13.19,22.402,18.893
195,13.093,22.315,19.184
196,13.144,22.762,18.819
197,13.171,22.461,19.637
198,13.058,22.505,19.597
199,13.078,22.159,18.838
200,13.238,22.202,19.281
201,13.176,22.471,19.379
202,13.211,22.391,19.398
203,13.202,22.397,19.346
204,13.146,22.526,19.028
205,13.187,22.225,19.115
206,13.224,22.355,18.958
207,13.202,22.542,18.962
208,13.122,22.345,19.31
209,13.198,22.478,19.201
210,13.132,22.482,19.557
211,13.109,22.187,19.353
212,13.188,22.565,19.254
213,13.281,22.632,19.603
214,13.26,22.174,19.168
215,13.27,22.376,19.045
216,13.193,22.566,18.881
217,13.285,22.351,18.903
218,13.284,22.322,19.006
219,13.266,22.316,19.409
220,13.216,22.191,19.169
221,13.226,22.445,18.874
222,13.292,22.614,19.2
223,13.215,22.219,19.547
224,13.232,22.19,19.214
225,13.267,22.503,19.18
226,13.321,22.322,18.954
227,13.257,22.377,18.889
228,13.297,22.194,19.257
229,13.267,22.25,19.589
230,13.2,22.463,18.997
231,13.17,22.366,19.493
232,13.045,22.401,19.305
233,13.248,22.471,18.909
234,13.1,22.315,18.867
235,13.113,22.152,19.42
236,13.219,22.32,19.14
237,13.216,22.472,19.42
238,13.113,22.219,19.357
239,13.215,22.319,18.977
240,13.038,22.39,19.099
241,13.089,22.25,18.762
242,13.214,22.204,19.511
243,13.092,22.211,18.574
244,13.17,22.459,19.431
245,13.21,22.363,18.719
246,13.227,22.354,18.839
247,13.143,22.162,18.977
248,13.18,22.369,18.749
249,13.209,22.291,19.154
250,13.17,22.601,18.99
251,13.208,22.47,19.108
252,13.121,22.379,19.33
253,13.088,22.298,18.578
254,13.101,22.097,18.997
255,13.202,22.251,18.604
256,13.16,22.22,19.228
257,13.095,22.323,18.798
258,13.257,22.458,18.992
259,13.181,22.491,19.327
260,13.169,22.36,19.276
261,13.235,22.355,18.767
262,13.132,22.36,19.187
263,13.171,22.141,18.849
264,13.254,22.254,19.05
265,13.247,22.024,19.37
266,13.224,22.545,19.016
267,13.235,22.332,19.258
268,13.314,22.494,19.074
269,13.251,22.674,18.909
270,13.18,22.312,18.952
271,13.244,22.236,19.152
272,13.245,22.53,19.335
273,13.296,22.32,18.761
274,13.231,22.174,19.039
275,13.243,22.46,19.01
276,13.2,22.356,18.736
277,13.271,22.541,19.395
278,13.27,22.32,18.94
279,13.214,22.237,19.104
280,13.294,22.45,18.28
281,13.259,22.16,19.198
282,13.35,22.247,19.039
283,13.229,22.204,18.635
284,13.057,22.598,18.885
285,13.135,22.475,18.788
286,13.191,22.335,18.583
287,13.093,22.578,18.557
288,13.136,22.593,18.234
289,13.171,22.558,18.672
290,13.068,22.405,18.335
291,13.156,22.365,18.514
292,13.131,22.377,18.758
293,13.07,21.734,18.954
294,13.191,21.436,18.648
295,13.188,21.596,20.137
296,13.125,22.42,19.278
297,13.104,22.216,17.687
298,13.213,22.303,17.735
299,13.277,22.518,17.558
300,13.047,22.416,19.569
301,13.137,22.433,20.787
302,13.245,22.543,20.148
303,13.049,22.311,21.68
304,13.19,22.525,20.102
305,13.137,22.389,20.067
306,13.27,22.415,19.654
307,13.165,22.424,19.255
308,13.075,22.274,19.105
309,13.235,22.455,19.372
310,13.238,22.379,19.715
311,13.101,22.206,19.29
312,13.136,22.278,19.019
313,13.239,22.348,19.126
314,13.068,22.416,19.254
315,13.145,22.207,19.605
316,13.165,22.438,18.929
317,13.112,22.465,19.282
318,13.174,22.331,19.304
319,13.177,22.421,19.206
320,13.163,22.597,19.396
321,13.073,22.632,19.349
322,13.22,22.285,19.207
323,13.243,22.366,19.303
324,13.16,22.531,19.189
325,13.235,22.159,18.924
326,13.274,22.285,19.206
327,13.203,22.351,18.852
328,13.22,22.365,19.068
329,13.225,22.387,19.323
330,13.261,22.484,19.126
331,13.253,22.462,18.578
332,13.24,22.487,18.805
333,13.165,22.215,18.922
334,13.234,22.32,18.954
335,13.227,22.377,19.167
336,13.306,22.542,19.267
337,13.273,22.54,19.152
338,13.261,22.396,19.397
339,13.223,22.578,18.979
340,13.283,22.365,19.04
341,13.29,22.41,18.702
342,13.334,22.436,18.954
343,13.291,22.569,19.122
344,13.154,22.524,19.598
345,13.266,22.624,19.076
346,13.144,22.306,18.776
347,13.086,22.4,18.91
348,13.217,22.292,19.399
349,13.187,22.511,18.811
350,13.185,22.436,19.4
351,13.099,22.797,19.179
352,13.232,22.387,19.125
353,13.221,22.477,19.227
354,13.085,22.246,18.97
355,13.119,22.239,19.585
356,13.196,22.38,19.187
357,13.184,22.392,19.224
358,13.177,22.597,19.527
359,13.213,22.277,19.327
360,13.146,22.252,19.168
361,13.144,22.302,19.283
362,13.219,22.345,19.088
363,13.067,22.32,19.354
364,13.17,22.448,19.009
365,13.109,22.458,19.12
366,13.174,22.282,19.063
367,13.035,22.384,19.268
368,13.208,22.332,19.485
369,13.04,22.339,19.247
370,13.183,22.365,19.025
371,13.229,22.352,19.221
372,13.102,22.244,18.974
373,13.227,22.411,19.022
374,13.101,22.689,18.92
375,13.266,22.66,19.701
376,13.133,22.382,19.372
377,13.096,22.426,19.079
378,13.235,22.502,18.725
379,13.16,22.274,19.316
380,13.291,21.976,19.13
381,13.28,22.362,19.182
382,13.218,22.544,19.549
383,13.219,22.423,19.012
384,13.271,22.54,19.604
385,13.246,22.403,19.62
386,13.25,22.458,19.135
387,13.239,22.661,19.356
388,13.263,22.454,19.402
389,13.199,22.429,19.077
390,13.23,22.42,19.758
391,13.256,22.406,19.183
392,13.232,22.313,19.112
393,13.227,22.359,19.54
394,13.252,22.159,19.187
395,13.19,22.303,19.083
396,13.097,22.608,19.396
397,13.154,22.542,19.29
398,13.151,22.406,19.073
399,13.216,22.513,19.784
400,13.195,22.355,19.485
401,13.24,22.401,19.004
402,13.172,22.556,18.881
403,13.246,22.14,19.123
404,13.201,22.485,19.21
405,13.15,22.418,19.13
406,13.154,22.514,19.157
407,13.114,22.428,18.684
408,13.149,22.423,19.021
409,13.078,22.142,19.095
410,13.259,22.248,18.972
411,13.171,22.457,18.932
412,13.125,22.411,19.243
413,13.225,22.321,18.868
414,13.05,22.44,18.855
415,13.181,22.415,19.134
416,13.058,22.464,18.747
417,13.065,22.244,18.867
418,13.195,22.314,19.014
419,13.258,22.305,18.817
420,13.128,22.451,18.96
421,13.15,22.429,19.208
422,13.122,22.211,18.885
423,13.31,22.302,18.65
424,13.164,22.234,18.756
425,13.249,22.281,18.983
426,13.218,22.642,18.761
427,13.159,22.411,19.369
428,13.047,22.664,20.477
429,13.195,22.306,19.136
430,13.193,22.499,18.124
431,13.229,22.452,21.182
432,13.198,22.526,20.905
433,13.263,22.276,21.121
434,13.267,22.211,22.956
435,13.256,22.367,20.123
436,13.239,22.443,19.029
437,13.263,22.327,19.577
438,13.218,22.275,19.17
439,13.282,22.409,18.979
440,13.229,22.241,19.447
441,13.233,22.445,19.14
442,13.276,22.616,19.258
443,13.261,22.348,18.502
444,13.261,22.568,18.879
445,13.212,22.372,19.012
446,13.24,22.498,19.036
447,13.219,22.338,19.224
448,13.198,22.319,18.99
449,13.264,22.363,19.095
450,13.226,22.128,18.752
451,13.178,22.223,19.113
452,13.053,22.484,19.484
453,13.206,22.404,18.647
454,13.106,22.463,19.284
455,13.11,22.256,19.567
456,13.154,22.623,19.207
457,13.208,22.38,18.883
458,13.117,22.647,19.063
459,13.131,22.541,19.169
460,13.187,22.066,19.209
461,13.216,22.083,19.116
462,13.185,22.304,19.485
463,13.094,22.558,19.576
464,13.155,22.292,19.464
465,13.174,22.411,19.103
466,13.117,22.327,19.147
467,13.173,22.41,19.411
468,13.211,22.28,19.023
469,13.183,22.49,19.442
470,13.128,22.448,19.207
471,13.181,22.275,19.171
472,13.11,22.375,19.22
473,13.171,22.507,19.237
474,13.108,22.223,18.822
475,13.228,22.6,19.402
476,13.094,22.267,19.594
477,13.235,22.346,19.152
478,13.169,22.131,19.305
479,13.14,22.295,18.999
480,13.182,22.352,18.764
481,13.089,22.369,19.322
482,13.155,22.389,19.225
483,13.142,22.222,18.848
484,13.191,22.492,18.844
485,13.201,22.535,18.487
486,13.176,22.369,18.945
487,13.176,22.265,18.736
488,13.213,22.158,18.918
489,13.227,22.208,18.908
490,13.273,22.164,18.975
491,13.28,22.215,19.124
492,13.227,22.777,19.155
493,13.227,22.266,19.395
494,13.255,22.484,18.976
495,13.22,22.321,19.476
496,13.207,22.316,19.081
497,13.291,22.349,19.038
498,13.234,22.33,18.866
499,13.25,22.814,19.423
500,13.279,22.167,18.944
501,13.203,22.392,18.969
502,13.197,22.547,19.329
503,13.221,22.337,18.798
504,13.188,22.632,18.867
505,13.246,22.511,19.284
506,13.273,22.476,19.031
507,13.235,22.319,19.357
508,13.236,22.764,18.972
509,13.066,22.608,19.6
510,13.273,22.444,19.012
511,12.998,22.451,19.354
512,13.136,22.483,19.011
513,13.14,22.685,19.078
514,13.157,22.375,18.984
515,13.072,22.299,19.439
516,13.159,22.491,19.142
517,13.067,22.183,19.025
518,13.241,21.372,19.183
519,13.133,21.435,19.484
520,13.229,21.983,19.352
521,13.227,22.316,19.009
522,13.168,22.23,19.305
523,13.116,22.53,18.803
524,13.16,22.427,19.275
525,13.174,22.398,18.935
526,13.096,22.32,19.174
527,13.109,22.477,19.216
528,13.189,22.234,18.912
529,13.118,22.305,18.876
530,13.252,22.5,19.084
531,13.036,22.27,19.636
532,13.091,22.308,19.498
533,13.189,22.276,19.129
534,13.124,22.487,19.09
535,13.134,22.384,19.082
536,13.205,22.659,18.732
537,13.214,22.496,18.842
538,13.18,22.485,19.233
539,13.164,22.361,18.991
540,13.3,22.316,19.296
541,13.249,22.233,18.725
542,13.316,22.459,19.029
543,13.352,22.442,18.291
544,13.232,22.263,18.752
545,13.248,22.579,18.246
546,13.262,22.433,18.936
547,13.223,22.602,18.439
548,13.287,22.159,18.603
549,13.186,22.225,18.483
550,13.226,22.442,18.852
551,13.22,22.525,19.713
552,13.226,22.403,20.121
553,13.268,22.349,17.466
554,13.251,22.28,18.039
555,13.31,22.456,17.866
556,13.208,22.416,19.107
557,13.198,22.516,20.775
558,13.149,22.376,19.972
559,13.071,22.308,21.635
560,13.164,22.233,20.522
561,13.194,22.591,19.741
562,13.118,22.537,19.049
563,13.25,22.244,19.128
564,13.192,22.219,19.486
565,13.113,22.15,18.881
566,13.077,22.434,19.23
567,13.273,22.49,18.717
568,13.151,22.382,19.118
569,13.215,22.391,19.23
570,13.152,22.443,19.264
571,13.198,22.586,19.175
572,13.194,22.653,19.059
573,13.096,22.343,19.025
574,13.28,22.364,19.441
575,13.136,22.308,19.341
576,13.127,22.663,19.431
577,13.185,22.351,19.135
578,13.108,22.399,18.996
579,13.098,22.326,19.374
580,13.09,22.333,18.792
581,13.108,22.372,19.51
582,13.253,22.147,18.972
583,13.198,22.306,19.637
584,13.179,22.465,19.451
585,13.197,22.24,19.249
586,13.097,22.509,18.82
587,13.098,22.289,18.232
588,13.215,22.673,18.848
589,13.12,22.307,19.148
590,13.201,22.416,18.904
591,13.068,22.168,19.102
592,13.167,22.276,19.456
593,13.226,22.366,19.157
594,13.259,22.269,19.125
595,13.191,22.454,19.035
596,13.248,22.291,19.325
597,13.277,22.286,19.158
598,13.187,22.517,18.992
599,13.263,22.286,19.332
600,13.219,22.425,19.33
601,13.274,22.215,19.363
602,13.209,21.973,19.208
603,13.27,22.706,19.234
604,13.234,22.527,19.383
605,13.223,22.413,19.161
606,13.169,22.778,19.25
607,13.265,22.273,18.872
608,13.237,22.274,19.207
609,13.238,22.432,19.373
610,13.097,22.319,19.364
611,13.221,22.153,18.956
612,13.069,22.537,19.177
613,13.216,22.288,19.086
614,13.113,22.336,19.294
615,13.216,22.415,19.426
616,13.148,22.432,18.931
617,13.06,22.419,19.203
618,13.142,22.392,19.46
619,13.152,22.363,18.983
620,13.165,22.455,19.297
621,13.089,22.582,19.343
622,13.188,22.422,19.412
623,13.179,22.352,19.392
624,13.226,22.415,19.256
625,13.154,22.554,19.372
626,13.107,22.328,19.627
627,13.274,22.431,19.362
628,13.124,22.727,19.297
629,13.154,22.537,19.676
630,13.109,22.491,19.381
631,13.156,22.538,19.625
632,13.128,22.299,19.659
633,13.205,22.41,19.699
634,13.094,22.578,19.245
635,13.244,22.422,19.213
636,13.133,22.387,19.201
637,13.166,22.309,19.161
638,13.036,22.595,19.244
639,13.128,22.419,19.119
640,13.092,22.298,19.418
641,13.14,22.367,19.165
642,13.069,22.368,19.212
643,13.179,22.33,19.415
644,13.129,22.515,18.878
645,13.174,22.396,19.289
646,13.246,22.125,19.091
647,13.257,22.273,19.536
648,13.217,22.089,19.196
649,13.214,22.373,19.359
650,13.255,22.52,19.379
651,13.224,22.308,18.856
652,13.294,22.4,19.246
653,13.286,22.593,19.011
654,13.216,22.317,19.086
655,13.241,22.317,18.934
656,13.211,22.453,19.138
657,13.233,22.423,19.028
658,13.245,22.611,19.019
659,13.27,22.264,18.955
660,13.279,22.735,19.18
661,13.221,22.455,19.143
662,13.21,22.288,19.281
663,13.249,22.451,19.284
664,13.214,22.348,18.687
665,13.042,22.468,19.089
666,13.249,22.501,19.061
667,13.152,22.25,19.349
668,13.131,22.301,19.084
669,13.197,22.43,18.996
670,13.192,22.427,19.127
671,13.167,22.434,18.608
672,13.193,22.173,19.186
673,13.129,22.274,18.86
674,13.097,22.413,19.116
675,13.189,22.557,18.924
676,13.21,22.239,18.627
677,13.095,22.089,18.678
678,13.174,22.451,18.353
679,13.071,22.475,19.448
680,13.179,22.37,20.162
681,13.229,22.133,18.89
682,13.096,22.431,17.449
683,13.253,22.541,21.937
684,13.141,22.32,21.01
685,13.126,22.311,21.754
686,13.116,22.54,22.776
687,13.175,22.299,19.684
688,13.055,22.297,19.143
689,13.131,22.324,19.205
690,13.102,22.393,19.175
691,13.23,22.257,19.224
692,13.15,22.325,19.608
693,13.19,22.73,19.115
694,13.178,22.456,18.903
695,13.202,22.462,18.911
696,13.126,22.364,19.103
697,13.129,22.539,19.293
698,13.127,22.361,18.896
699,13.25,22.421,19.378
700,13.205,22.354,18.778
701,13.354,22.412,19.071
702,13.269,22.506,18.897
703,13.323,22.134,19.363
704,13.277,22.447,19.186
705,13.28,22.625,19.156
706,13.273,22.388,18.982
707,13.318,22.311,19.553
708,13.293,22.484,19.77
709,13.197,22.273,19.172
710,13.295,22.207,19.331
711,13.234,22.296,18.983
712,13.254,22.26,19.391
713,13.235,22.521,18.968
714,13.166,22.445,19.346
715,13.147,22.652,19.132
716,13.145,22.307,19.233
717,13.085,22.58,19.504
718,13.126,22.33,19.328
719,13.11,22.579,19.253
720,13.203,22.303,19.071
721,13.132,22.326,19.373
722,13.217,22.477,19.063
723,13.102,22.53,19.366
724,13.21,22.353,19.232
725,13.172,22.073,19.264
726,13.213,22.592,18.621
727,13.182,22.373,18.918
728,13.203,22.455,18.785
729,13.177,22.466,18.937
730,13.044,22.377,19.185
731,13.217,22.425,19.21
732,13.246,22.386,19.326
733,13.14,22.585,18.987
734,13.191,22.586,19.157
735,13.23,22.414,19.073
736,13.175,22.284,19.039
737,13.187,22.503,19.1
738,13.073,22.494,18.698
739,13.193,21.862,19.429
740,13.119,21.424,18.915
741,13.172,21.898,19.188
742,13.233,22.338,18.844
743,13.143,22.143,19.213
744,13.125,22.428,19.104
745,13.162,22.506,19.206
746,13.086,22.359,19.033
747,13.113,22.375,18.926
748,13.138,22.309,19.285
749,13.208,22.765,19.382
750,13.278,22.574,19.073
751,13.263,22.318,19.093
752,13.238,22.413,18.987
753,13.232,22.261,19.513
754,13.214,22.256,19.33
755,13.264,22.372,19.176
756,13.198,22.323,19.441
757,13.332,22.437,19.508
758,13.252,22.526,19.305
759,13.219,22.363,19.665
760,13.308,22.34,19.463
761,13.208,22.566,19.057
762,13.231,22.387,18.916
763,13.227,22.226,19.249
764,13.248,22.476,19.17
765,13.173,22.553,18.614
766,13.291,22.256,18.962
767,13.177,22.383,18.933
768,13.162,22.268,18.559
769,13.125,22.383,19.282
770,13.244,22.289,19.194
771,13.161,22.553,19.385
772,13.263,22.429,19.001
773,13.162,22.257,19.35
774,13.184,22.584,18.952
775,13.282,22.261,19.022
776,13.193,22.38,19.272
777,13.126,22.449,18.947
778,13.189,22.366,18.787
779,13.232,22.316,19.046
780,13.175,22.335,19.003
781,13.014,22.33,18.958
782,13.17,22.364,19.122
783,13.109,22.49,19.213
784,13.206,22.294,19.128
785,13.231,22.355,19.04
786,13.07,22.337,19.412
787,13.283,22.562,18.872
788,13.15,22.376,19.223
789,13.121,22.445,18.767
790,13.127,22.342,19.269
791,13.189,22.448,18.775
792,13.182,22.36,19.208
793,13.164,22.499,18.857
794,13.127,22.208,19.016
795,13.139,22.467,19.134
796,13.135,22.386,19.007
797,13.044,22.482,19.181
798,13.156,22.27,18.66
799,13.065,22.306,18.6
800,13.23,22.385,19.094
801,13.2,22.3,18.757
802,13.246,22.43,18.84
803,13.19,22.369,17.977
804,13.207,22.391,18.764
805,13.236,22.312,19.004
806,13.158,22.378,18.711
807,13.268,22.602,20.571
808,13.225,22.225,19.43
809,13.259,22.244,17.43
810,13.23,22.3,17.392
811,13.23,22.222,17.809
812,13.257,22.365,18.998
813,13.223,22.323,20.52
814,13.179,22.111,20.292
815,13.233,22.358,21.643
816,13.236,22.447,20.595
817,13.258,22.27,20.138
818,13.192,22.144,18.619
819,13.277,22.423,19.395
820,13.022,22.443,18.968
821,13.222,22.119,19.221
822,13.115,22.465,19.248
823,13.231,22.037,19.301
824,13.256,22.245,19.048
825,13.122,22.485,19.389
826,13.12,22.435,19.459
827,13.108,22.516,18.908
828,13.023,22.579,19.078
829,13.077,22.708,19.42
830,13.139,22.36,19.18
831,13.218,22.432,18.707
832,13.113,22.418,19.422
833,13.225,22.602,19.044
834,13.08,22.47,19.265
835,13.131,22.14,19.453
836,13.207,22.467,19.34
837,13.117,22.44,19.094
838,13.131,22.487,19.019
839,13.121,22.363,19.093
840,13.18,22.291,19.055
841,13.098,22.451,18.923
842,13.209,22.506,19.2
843,13.089,22.42,18.48
844,13.097,22.476,18.658
845,13.149,22.48,18.869
846,13.104,22.378,19.535
847,13.157,22.478,19.029
848,13.107,22.428,19.205
849,13.196,22.342,19.195
850,13.061,22.357,19.25
851,13.101,22.349,19.343
852,13.136,22.226,19.221
853,13.237,22.194,19.05
854,13.198,22.423,19.301
855,13.238,22.365,19.124
856,13.177,22.22,19.473
857,13.229,22.351,19.61
858,13.234,22.328,19.585
859,13.277,22.429,19.524
860,13.207,22.583,19.182
861,13.17,22.24,19.361
862,13.136,22.122,19.173
863,13.193,22.179,19.229
864,13.255,22.219,19.37
865,13.229,22.411,19.728
