indice,fase,repeat,sample,regression
0,replay,33.70,33.70,33.70
1,replay,32.65,32.65,32.65
2,replay,30.40,30.40,30.40
3,replay,30.95,30.95,30.95
4,replay,31.60,31.60,31.60
5,replay,27.45,27.45,27.45
6,replay,29.00,29.00,29.00
7,replay,26.45,26.45,26.45
8,replay,23.35,23.35,23.35
9,replay,28.90,28.90,28.90
10,replay,30.65,30.65,30.65
11,replay,37.45,37.45,37.45
12,replay,43.25,43.25,43.25
13,replay,44.65,44.65,44.65
14,replay,42.55,42.55,42.55
15,replay,45.60,45.60,45.60
16,replay,41.05,41.05,41.05
17,replay,43.05,43.05,43.05
18,replay,40.80,40.80,40.80
19,replay,38.10,38.10,38.10
20,replay,39.10,39.10,39.10
21,replay,40.10,40.10,40.10
22,replay,38.35,38.35,38.35
23,replay,27.10,27.10,27.10
24,replay,24.85,24.85,24.85
25,replay,25.65,25.65,25.65
26,replay,24.55,24.55,24.55
27,replay,23.20,23.20,23.20
28,replay,24.30,24.30,24.30
29,replay,22.60,22.60,22.60
30,replay,23.50,23.50,23.50
31,replay,25.15,25.15,25.15
32,replay,23.95,23.95,23.95
33,replay,24.00,24.00,24.00
34,replay,24.30,24.30,24.30
35,replay,24.95,24.95,24.95
36,replay,23.15,23.15,23.15
37,replay,24.80,24.80,24.80
38,replay,21.50,21.50,21.50
39,replay,20.70,20.70,20.70
40,replay,22.90,22.90,22.90
41,replay,27.05,27.05,27.05
42,replay,25.25,25.25,25.25
43,replay,33.85,33.85,33.85
44,replay,43.45,43.45,43.45
45,replay,41.60,41.60,41.60
46,replay,39.40,39.40,39.40
47,replay,41.40,41.40,41.40
48,replay,36.95,36.95,36.95
49,replay,39.10,39.10,39.10
50,replay,40.55,40.55,40.55
51,replay,38.80,38.80,38.80
52,replay,43.40,43.40,43.40
53,replay,41.90,41.90,41.90
54,replay,40.50,40.50,40.50
55,replay,28.85,28.85,28.85
56,replay,22.20,22.20,22.20
57,replay,24.70,24.70,24.70
58,replay,23.30,23.30,23.30
59,replay,24.15,24.15,24.15
60,replay,30.75,30.75,30.75
61,replay,26.40,26.40,26.40
62,replay,23.00,23.00,23.00
63,replay,23.55,23.55,23.55
64,replay,21.80,21.80,21.80
65,replay,27.20,27.20,27.20
66,replay,35.45,35.45,35.45
67,replay,36.45,36.45,36.45
68,replay,32.95,32.95,32.95
69,replay,33.45,33.45,33.45
70,replay,35.35,35.35,35.35
71,replay,38.60,38.60,38.60
72,replay,40.05,40.05,40.05
73,replay,39.25,39.25,39.25
74,replay,38.85,38.85,38.85
75,replay,42.55,42.55,42.55
76,replay,41.10,41.10,41.10
77,replay,43.00,43.00,43.00
78,replay,33.60,33.60,33.60
79,replay,22.70,22.70,22.70
80,replay,22.50,22.50,22.50
81,replay,28.80,28.80,28.80
82,replay,27.40,27.40,27.40
83,replay,22.60,22.60,22.60
84,replay,25.85,25.85,25.85
85,replay,27.30,27.30,27.30
86,replay,30.65,30.65,30.65
87,replay,27.40,27.40,27.40
88,replay,26.30,26.30,26.30
89,replay,25.90,25.90,25.90
90,replay,28.20,28.20,28.20
91,replay,25.75,25.75,25.75
92,replay,24.40,24.40,24.40
93,replay,25.75,25.75,25.75
94,replay,26.10,26.10,26.10
95,replay,29.85,29.85,29.85
96,replay,28.65,28.65,28.65
97,replay,31.00,31.00,31.00
98,replay,31.55,31.55,31.55
99,replay,33.75,33.75,33.75
100,extensao,35.65,23.70,17.65
101,extensao,32.65,10.95,0.00
102,extensao,30.40,10.45,0.00
103,extensao,30.95,10.05,0.00
104,extensao,31.60,10.00,0.00
105,extensao,27.45,9.30,0.00
106,extensao,29.00,10.15,0.00
107,extensao,26.45,11.30,0.00
108,extensao,23.35,11.65,0.00
109,extensao,28.90,10.70,0.00
110,extensao,30.65,9.25,0.00
111,extensao,37.45,8.80,0.00
112,extensao,43.25,8.85,0.00
113,extensao,44.65,9.50,0.00
114,extensao,42.55,9.90,0.00
115,extensao,45.60,10.10,0.00
116,extensao,41.05,8.95,0.00
117,extensao,43.05,9.50,0.00
118,extensao,40.80,10.25,0.00
119,extensao,38.10,9.45,0.00
120,extensao,39.10,9.85,0.00
121,extensao,40.10,10.25,0.00
122,extensao,38.35,9.55,0.00
123,extensao,27.10,9.10,0.00
124,extensao,24.85,9.85,0.00
125,extensao,25.65,10.55,0.00
126,extensao,24.55,9.90,0.00
127,extensao,23.20,9.70,0.00
128,extensao,24.30,9.30,0.00
129,extensao,22.60,9.85,0.00
130,extensao,23.50,9.85,0.00
131,extensao,25.15,9.90,0.00
132,extensao,23.95,9.30,0.00
133,extensao,24.00,10.25,0.00
134,extensao,24.30,10.55,0.00
135,extensao,24.95,10.60,0.00
136,extensao,23.15,10.20,0.00
137,extensao,24.80,9.25,0.00
138,extensao,21.50,9.85,0.00
139,extensao,20.70,10.15,0.00
140,extensao,22.90,11.15,0.00
141,extensao,27.05,10.60,0.00
142,extensao,25.25,8.80,0.00
143,extensao,33.85,8.85,0.00
144,extensao,43.45,9.30,0.00
145,extensao,41.60,8.90,0.00
146,extensao,39.40,10.10,0.00
147,extensao,41.40,10.50,0.00
148,extensao,36.95,10.40,0.00
149,extensao,39.10,9.80,0.00
150,extensao,40.55,10.10,0.00
151,extensao,38.80,9.65,0.00
152,extensao,43.40,9.15,0.00
153,extensao,41.90,9.55,0.00
154,extensao,40.50,10.65,0.00
155,extensao,28.85,11.30,0.00
156,extensao,22.20,9.65,0.00
157,extensao,24.70,9.00,0.00
158,extensao,23.30,9.95,0.00
159,extensao,24.15,10.25,0.00
160,extensao,30.75,10.10,0.00
161,extensao,26.40,9.70,0.00
162,extensao,23.00,10.55,0.00
163,extensao,23.55,9.85,0.00
164,extensao,21.80,9.55,0.00
165,extensao,27.20,10.05,0.00
166,extensao,35.45,9.95,0.00
167,extensao,36.45,10.05,0.00
168,extensao,32.95,10.65,0.00
169,extensao,33.45,9.75,0.00
170,extensao,35.35,9.05,0.00
171,extensao,38.60,10.50,0.00
172,extensao,40.05,10.85,0.00
173,extensao,39.25,9.85,0.00
174,extensao,38.85,9.90,0.00
175,extensao,42.55,10.45,0.00
176,extensao,41.10,9.95,0.00
177,extensao,43.00,9.20,0.00
178,extensao,33.60,9.85,0.00
179,extensao,22.70,9.40,0.00
180,extensao,22.50,10.40,0.00
181,extensao,28.80,10.00,0.00
182,extensao,27.40,10.15,0.00
183,extensao,22.60,10.05,0.00
184,extensao,25.85,9.85,0.00
185,extensao,27.30,10.45,0.00
186,extensao,30.65,10.15,0.00
187,extensao,27.40,10.00,0.00
188,extensao,26.30,9.05,0.00
189,extensao,25.90,8.65,0.00
190,extensao,28.20,9.65,0.00
191,extensao,25.75,9.45,0.00
192,extensao,24.40,10.20,0.00
193,extensao,25.75,11.20,0.00
194,extensao,26.10,10.30,0.00
195,extensao,29.85,9.75,0.00
196,extensao,28.65,9.80,0.00
197,extensao,31.00,10.10,0.00
198,extensao,31.55,9.75,0.00
199,extensao,33.75,9.35,0.00
